Name,Count,Source,Type,EN ISO 19115,Data theme,Countries
Bebauungsplan,450582,,Keyword,Planning / Cadastre,REGI,
Bodennutzung,428745,,Keyword,Planning / Cadastre,REGI,
earth science > paleoclimate > tree ring,343833,,Keyword,Geoscientific Information,,
Bauleitplan,338062,,Keyword,Planning / Cadastre,,
Bebauungspläne,280254,,Keyword,Planning / Cadastre,,
Bauleitpläne,265564,,Keyword,Planning / Cadastre,,
Bauvorschrift,255069,,Keyword,Structure,,
Bauplatz,255023,,Keyword,Structure,,
Bauplätze,253019,,Keyword,Structure,,
planningCadastre,215786,Geonetwork,Theme,Planning / Cadastre,,
geoscientificInformation,215414,Geonetwork,Theme,Geoscientific Information,,
imageryBaseMapsEarthCover,201321,Geonetwork,Theme,Imagery / Base Maps / Earth Cover,,
PlannedLandUse,181607,,Keyword,Planning / Cadastre,,
"Planungsunterlagen, Kataster",166956,,Keyword,Planning / Cadastre,,
Geoscientific information,133467,,Keyword,Geoscientific Information,,
oceans,108287,Geonetwork,Theme,Oceans,ENVI,
"Infrastruktur, Bauen & Wohnen",102888,CKAN,Theme,Structure,REGI,
latitude,100227,,Keyword,Location,,
longitude,100071,,Keyword,Location,,
Bauleitplanung,99130,,Keyword,Planning / Cadastre,,
Oceans,92235,,Keyword,Oceans,ENVI,
earth science,89841,,Keyword,Geoscientific Information,,
ocean,84483,,Keyword,Oceans,ENVI,
climatologyMeteorologyAtmosphere,81363,Geonetwork,Theme,Climatology / Meteorology / Atmosphere,ENVI,
environment,77224,Geonetwork,Theme,Environment,ENVI,
Oberflächenbeschreibung,75303,,Keyword,Imagery / Base Maps / Earth Cover,,
Politik & Wahlen,73505,CKAN,Theme,,GOVE,
Geobasisdaten,66715,,Keyword,Imagery / Base Maps / Earth Cover,,
"Climatology, meteorology, atmosphere",65128,,Keyword,Climatology / Meteorology / Atmosphere,ENVI,
Municipal,55841,,Keyword,,REGI,
environment,55323,,Keyword,Environment,ENVI,
atmosphere,48597,,Keyword,Climatology / Meteorology / Atmosphere,ENVI,
biosphere,46629,,Keyword,Biota,ENVI,
Imagery base maps earth cover,46311,,Keyword,Imagery / Base Maps / Earth Cover,,
sea_water_temperature,46243,,Keyword,"Inland Waters,Oceans",,
oceanography,40887,,Keyword,"Inland Waters,Oceans",,
Environment,38892,,Keyword,Environment,ENVI,
Geoinformation,38062,,Keyword,Imagery / Base Maps / Earth Cover,,
water,37978,,Keyword,"Inland Waters,Oceans",,
Geology,36039,,Keyword,Geoscientific Information,,
Planification/Cadastre,35597,,Keyword,Planning / Cadastre,,
national centers for environmental information,34922,,Keyword,Environment,ENVI,
Ausgaben,33814,,Keyword,,ECON,
Einnahmen,33772,,Keyword,,ECON,
Gemeindefinanzen,33676,,Keyword,,ECON,
biology,33148,,Keyword,Biota,ENVI,
"Öffentliche Verwaltung, Haushalt & Steuern",32876,CKAN,Theme,,GOVE,
united states of america,32795,,Keyword,,,United States
sea_water_practical_salinity,32792,,Keyword,Oceans,ENVI,
bathymetry,32221,,Keyword,"Oceans,Inland Waters",,
AquaMaps,31563,,Keyword,"Oceans,Inland Waters,Imagery / Base Maps / Earth Cover",,
location,31449,Geonetwork,Theme,Location,,
Despesa,31255,CKAN,Theme,,GOVE,
water depth,26544,,Keyword,Oceans,,
sea,26275,,Keyword,Oceans,,
Umwelt,24090,CKAN,Theme,Environment,ENVI,
GEOSCIENCES-Geology,23920,,Keyword,Geoscientific Information,,
Regierung und öffentlicher Sektor,23015,CKAN,Theme,,GOVE,
New Zealand,23005,,Keyword,,,New Zealand
biota,22739,CKAN,Theme,Biota,ENVI,
biota,22073,Geonetwork,Theme,Biota,ENVI,
Regionen und Städte,21560,CKAN,Theme,,REGI,
environment,21206,CKAN,Theme,Environment,ENVI,
elevation,20891,Geonetwork,Theme,Elevation,,
geoscientificinformation,19336,,Keyword,Geoscientific Information,,
Bevölkerung,18126,CKAN,Theme,Society,SOCI,
Umwelt & Klima,17905,CKAN,Theme,Environment,ENVI,
transportation,17539,Geonetwork,Theme,Transportation,TRAN,
Local Government,17521,CKAN,Theme,,REGI,
inlandWaters,16707,Geonetwork,Theme,Inland Waters,ENVI,
Receita,16554,CKAN,Theme,,GOVE,
"Landwirtschaft, Fischerei, Forstwirtschaft und Nahrungsmittel",16327,CKAN,Theme,Farming,AGRI,
Transport & Verkehr,15929,CKAN,Theme,Transportation,TRAN,
mexico,15739,,Keyword,,,Mexico
Ambiente,14839,CKAN,Theme,Environment,ENVI,
"Kultur, Sport & Tourismus",13839,CKAN,Theme,,EDUC,
united-states,13172,,Keyword,,,United States
boundaries,13127,Geonetwork,Theme,Boundaries,,
Soziales,12703,CKAN,Theme,Society,SOCI,
United States,12419,,Keyword,,,United States
Bevölkerung und Gesellschaft,12234,CKAN,Theme,Society,SOCI,
Wissenschaft und Technologie,11763,CKAN,Theme,,TECH,
Land,11425,CKAN,Theme,Planning / Cadastre,REGI,
health,11116,,Keyword,Health,HEAL,
Biodiversity,10903,DCAT,Theme,Biota,,
Wirtschaft und Finanzen,10871,CKAN,Theme,Economy,ECON,
Land,10394,DCAT,Theme,Planning / Cadastre,,
Earth Science,10294,DCAT,Theme,Geoscientific Information,,
Xã hội,9989,CKAN,Theme,Society,SOCI,
society,9853,Geonetwork,Theme,Society,SOCI,
CONTINENT > NORTH AMERICA > UNITED STATES OF AMERICA,9541,,Keyword,,,United States
Australia,9451,,Keyword,,,Australia
Governo e settore pubblico,9404,CKAN,Theme,,GOVE,
Verkehr,9098,CKAN,Theme,Transportation,TRAN,
united states,8962,,Keyword,,,United States
Regional,8778,,Keyword,,REGI,
imagerybasemapsearthcover,8449,,Keyword,Imagery / Base Maps / Earth Cover,,
Popolazione e società,8361,CKAN,Theme,Society,SOCI,
farming,7853,Geonetwork,Theme,Farming,AGRI,
structure,7446,Geonetwork,Theme,Structure,REGI,
Regioni e città,7395,CKAN,Theme,,REGI,
Gesundheit,6882,CKAN,Theme,Health,HEAL,
population,6877,,Keyword,Society,SOCI,
"Bildung, Kultur und Sport",6790,CKAN,Theme,,EDUC,
utilitiesCommunication,6696,Geonetwork,Theme,Utilities / Communication,REGI,
Wirtschaft & Arbeit,6577,CKAN,Theme,Economy,ECON,
census,6541,,Keyword,Society,SOCI,
Ortoimagen,6511,,Keyword,Imagery / Base Maps / Earth Cover,,
Imágenes Orto-rectificadas,6509,,Keyword,Planning / Cadastre,,
Verteilung der Bevölkerung — Demografie,6491,,Keyword,Society,SOCI,
climatologyMeteorologyAtmosphere,6453,CKAN,Theme,Environment,ENVI,
covid-19,6190,,Keyword,Health,HEAL,
Transparenzgesetz,5909,CKAN,Theme,,GOVE,
economy,5657,Geonetwork,Theme,Economy,ECON,
Budget,5646,,Keyword,Economy,"ECON,GOVE",
Energie,5628,CKAN,Theme,,ENER,
Informação Contábil,5616,CKAN,Theme,,GOVE,
Coastal and Marine,5517,DCAT,Theme,"Oceans,Inland Waters",ENVI,
gulf of mexico,5479,,Keyword,Oceans,,
Sector público,5438,CKAN,Theme,,GOVE,
coastal maps,5250,,Keyword,Imagery / Base Maps / Earth Cover,,
Open Access,5234,CKAN,Theme,,TECH,
Budget Commission,5213,,Keyword,Economy,"ECON,GOVE",
AquaMaps Native 2050,5175,,Keyword,"Imagery / Base Maps / Earth Cover,Oceans,Inland Waters",,
AquaMaps Native,4955,,Keyword,"Imagery / Base Maps / Earth Cover,Oceans,Inland Waters",,
Economia e finanze,4838,CKAN,Theme,Economy,ECON,
Government information,4778,,Keyword,,GOVE,
"Justiz, Rechtssystem und öffentliche Sicherheit",4250,CKAN,Theme,,JUST,
Legislación y justicia,4223,CKAN,Theme,,JUST,
Built Environment,4175,DCAT,Theme,Structure,,
Census,4169,,Keyword,Society,SOCI,
regionale,4157,,Keyword,,REGI,
Local and regional government,3999,CKAN,Theme,,REGI,
Gesetze & Justiz,3655,CKAN,Theme,,JUST,
health,3643,Geonetwork,Theme,Health,HEAL,
Culture and Heritage,3569,DCAT,Theme,,EDUC,
Nationalparks Austria,3568,,Keyword,,,Austria
demographics,3563,,Keyword,Society,SOCI,
Environmental monitoring facilities,3557,,Keyword,Environment,ENVI,
Regionale,3554,,Keyword,,REGI,
Bildung & Wissenschaft ,3546,CKAN,Theme,,EDUC,
生活,3536,CKAN,Theme,Health,HEAL,
Gulf of Mexico,3459,,Keyword,Oceans,,
"Geographie, Geologie &Geodaten",3447,CKAN,Theme,Environment,ENVI,
pre-approval-maps,3408,,Keyword,Imagery / Base Maps / Earth Cover,,
Health,3302,CKAN,Theme,Health,HEAL,
Germany,3273,,Keyword,,,Germany
orthoimagery,3209,,Keyword,Imagery / Base Maps / Earth Cover,,
Health,3200,,Keyword,Health,HEAL,
Environmental Monitoring,3019,,Keyword,Environment,ENVI,
environmental,2921,,Keyword,Environment,ENVI,
"Istruzione, cultura e sport",2859,CKAN,Theme,,EDUC,
regional,2815,,Keyword,,REGI,
budget,2791,,Keyword,Economy,"ECON,GOVE",
Scienza e tecnologia,2760,CKAN,Theme,,TECH,
imagen satelital,2748,,Keyword,Imagery / Base Maps / Earth Cover,,
Land and Resource Management,2723,CKAN,Theme,Planning / Cadastre,,
GEOSCIENTIFICINFORMATION,2718,,Keyword,Geoscientific Information,,
imagery,2717,,Keyword,Imagery / Base Maps / Earth Cover,,
Government,2604,,Keyword,,GOVE,
Trasporti,2508,CKAN,Theme,Transportation,TRAN,
South Africa,2492,CKAN,Theme,,,South Africa
united-states-of-america,2476,,Keyword,,,United States
United States Coast Guard,2427,,Keyword,,,United States
image-collections,2379,,Keyword,Imagery / Base Maps / Earth Cover,,
Environment and conservation,2362,CKAN,Theme,Environment,ENVI,
Education,2337,DCAT,Theme,,EDUC,
Verbraucherschutz,2329,CKAN,Theme,,JUST,
Environment,2302,CKAN,Theme,Environment,ENVI,
Society,2302,,Keyword,Society,SOCI,
United Kingdom,2296,,Keyword,,,United Kingdom
budgets,2289,,Keyword,Economy,"ECON,GOVE",
Environmental Monitoring Facilities,2242,,Keyword,Environment,ENVI,
Population,2101,,Keyword,Society,SOCI,
marine environment monitoring,2081,,Keyword,Environment,ENVI,
Buildings,2080,,Keyword,Structure,,
CONTINENT > NORTH AMERICA > UNITED STATES OF AMERICA > ALASKA,2038,,Keyword,,,United States
Plant Production and Health,2028,CKAN,Theme,Health,HEAL,
geology,2028,Geonetwork,Theme,Geoscientific Information,,
environmental monitoring,2028,,Keyword,Environment,ENVI,
gulf-of-mexico,2025,,Keyword,Oceans,,
Environnement,2013,OpenDataSoft,Theme,Environment,ENVI,
Financial Inclusion,1991,CKAN,Theme,Economy,ECON,
Inclusão Financeira,1965,CKAN,Theme,Economy,ECON,
geoscientificInformation,1957,,Keyword,Geoscientific Information,,
Atmosphere and Climate,1922,DCAT,Theme,Climatology / Meteorology / Atmosphere,ENVI,
baseline population,1885,,Keyword,Society,SOCI,
Geographie und Stadtplanung,1875,CKAN,Theme,Planning / Cadastre,REGI,
society,1821,,Keyword,Society,SOCI,
Housing & Properties,1782,OpenDataSoft,Theme,Planning / Cadastre,REGI,
finance,1768,,Keyword,,ECON,
planning-cadastre,1746,,Keyword,Planning / Cadastre,,
COVID-19,1660,,Keyword,Health,HEAL,
Nigeria,1657,CKAN,Theme,,,Nigeria
Building,1655,,Keyword,Structure,,
Medio ambiente,1650,CKAN,Theme,Environment,ENVI,
Continent > North America > United States Of America > Hawaii,1635,,Keyword,,,United States
Sensitivity maps,1632,,Keyword,Imagery / Base Maps / Earth Cover,,
Population,1630,CKAN,Theme,Society,SOCI,
Pendidikan,1624,CKAN,Theme,,EDUC,
Health,1621,DCAT,Theme,Health,HEAL,
Education,1574,CKAN,Theme,,EDUC,
United States of America,1572,,Keyword,,,United States
geoscientific-information,1560,,Keyword,Geoscientific Information,,
government,1555,,Keyword,,GOVE,
Ortho-imagerie,1534,,Keyword,Imagery / Base Maps / Earth Cover,,
nigeria,1524,,Keyword,,,Nigeria
demographic,1513,,Keyword,Society,SOCI,
coastal base map,1506,,Keyword,Imagery / Base Maps / Earth Cover,,
Coastal Base Map,1502,,Keyword,Imagery / Base Maps / Earth Cover,,
Finance,1483,CKAN,Theme,,ECON,
Earth Science > Oceans > Marine Environment Monitoring,1470,,Keyword,"Environment,Oceans",ENVI,
Finanzas de Gobierno,1467,CKAN,Theme,,GOVE,
Transport,1398,CKAN,Theme,Transportation,TRAN,
planningCadastre,1395,,Keyword,Planning / Cadastre,,
Utility and governmental services,1358,,Keyword,,GOVE,
Society,1349,CKAN,Theme,Society,SOCI,
Continent > North America > United States Of Ameri,1346,,Keyword,,,United States
intelligenceMilitary,1341,Geonetwork,Theme,Intelligence / Military,GOVE,
"Administration, Gouvernement, Finances publiques, Citoyenneté",1314,OpenDataSoft,Theme,,GOVE,
Climatology,1302,CKAN,Theme,Environment,ENVI,
census data,1262,,Keyword,Society,SOCI,
Climate Indices,1258,CKAN,Theme,Environment,ENVI,
Licitações,1254,CKAN,Theme,,ECON,
Contratos,1254,CKAN,Theme,Economy,"ECON,GOVE",
Salud,1253,CKAN,Theme,Health,HEAL,
Marine Environmental Data and Information Network,1237,,Keyword,"Environment,Oceans",ENVI,
South Australia,1232,,Keyword,,,Australia
Salud,1222,,Keyword,Health,HEAL,
OCEAN > ATLANTIC OCEAN > NORTH ATLANTIC OCEAN > GULF OF MEXICO`,1201,,Keyword,Oceans,,
printed-maps,1197,,Keyword,Imagery / Base Maps / Earth Cover,,
Remotely Sensed Imagery/Photography,1196,,Keyword,Imagery / Base Maps / Earth Cover,,
basemap,1195,,Keyword,Imagery / Base Maps / Earth Cover,,
salud,1183,,Keyword,Health,HEAL,
demografia,1179,,Keyword,Society,SOCI,
Transportation,1169,DCAT,Theme,Transportation,TRAN,
Natural Environment Research Council Designated Data Centres,1150,,Keyword,Environment,ENVI,
Inland Waters,1114,DCAT,Theme,Inland Waters,ENVI,
Economia e Finanças,1089,CKAN,Theme,Economy,ECON,
buildings,1085,,Keyword,Structure,,
Budget Vote Documents,1084,CKAN,Theme,Economy,"ECON,GOVE",
planningcadastre,1084,,Keyword,Planning / Cadastre,,
政策・統計等,1079,CKAN,Theme,,GOVE,
source-geologic-maps,1077,,Keyword,Imagery / Base Maps / Earth Cover,,
source-maps,1077,,Keyword,Imagery / Base Maps / Earth Cover,,
Economy,1071,CKAN,Theme,Economy,ECON,
Planning cadastre,1041,,Keyword,Planning / Cadastre,,
sensitivity maps,1037,,Keyword,Imagery / Base Maps / Earth Cover,,
orthoimagerie,1025,,Keyword,Imagery / Base Maps / Earth Cover,,
coronavirus,1011,,Keyword,Health,HEAL,
23) การวิจัยและพัฒนานวัตกรรม,1000,CKAN,Theme,,TECH,
Salute,986,CKAN,Theme,Health,HEAL,
Trasparenza,971,DCAT,Theme,,GOVE,
Urbanismo e infraestructuras,962,CKAN,Theme,,REGI,
行財政,935,CKAN,Theme,,GOVE,
Environment,928,OpenDataSoft,Theme,Environment,ENVI,
City Government,905,DCAT,Theme,,REGI,
hydrogeology,861,Geonetwork,Theme,"Oceans,Inland Waters",,
Economy and finance,853,CKAN,Theme,Economy,ECON,
Educación,849,CKAN,Theme,,EDUC,
Agriculture and Fishing,842,CKAN,Theme,Farming,AGRI,
Temperature,835,CKAN,Theme,Environment,ENVI,
Infrastructure,825,CKAN,Theme,,REGI,
Local government,815,CKAN,Theme,,REGI,
Government,782,DCAT,Theme,,GOVE,
Public Safety,773,DCAT,Theme,,JUST,
Energy & Environment,766,DCAT,Theme,Environment,"ENER,ENVI",
สาขาเกษตรและประมง,748,CKAN,Theme,Farming,AGRI,
Pertanian,745,CKAN,Theme,Farming,AGRI,
"Administration, Government, Public finances, Citizenship",743,OpenDataSoft,Theme,,GOVE,
Данные ЦБ РФ,721,CKAN,Theme,,ECON,
Government,686,CKAN,Theme,,GOVE,
Gobierno,685,CKAN,Theme,,GOVE,
Social Services,677,CKAN,Theme,,GOVE,
Economía,673,CKAN,Theme,Economy,ECON,
Precipitation,663,CKAN,Theme,Environment,ENVI,
الأمن الغذائي,662,CKAN,Theme,Farming,AGRI,
United States,656,CKAN,Theme,,,United States
Climate,655,CKAN,Theme,Environment,ENVI,
Ekonomi,642,CKAN,Theme,Economy,ECON,
Adjusted Budget Vote Documents,635,CKAN,Theme,Economy,"GOVE,ECON",
"Transports, Déplacements",625,OpenDataSoft,Theme,Transportation,TRAN,
Bancian,622,CKAN,Theme,Society,SOCI,
環境,613,CKAN,Theme,Environment,ENVI,
Kesihatan,608,CKAN,Theme,Health,HEAL,
population,591,CKAN,Theme,Society,SOCI,
16) เศรษฐกิจฐานราก,591,CKAN,Theme,Economy,ECON,
Government reporting and policy,590,CKAN,Theme,,GOVE,
Kenya,584,CKAN,Theme,,,Kenya
Transporte,584,CKAN,Theme,Transportation,TRAN,
Данные системы ЕСИМО,581,CKAN,Theme,Oceans,ENVI,
Science,580,CKAN,Theme,,TECH,
Burkina Faso,569,CKAN,Theme,,,Burkina Faso
Transport and Communications,567,CKAN,Theme,Transportation,TRAN,
Population and society,567,CKAN,Theme,Society,SOCI,
"Aménagement du territoire, Urbanisme, Bâtiments, Équipements, Logement",567,OpenDataSoft,Theme,Planning / Cadastre,,
สาขาทรัพยากรธรรมชาติและสิ่งแวดล้อม,554,CKAN,Theme,Environment,ENVI,
الزراعة,546,CKAN,Theme,Farming,AGRI,
Trade (internal and external),543,CKAN,Theme,Economy,ECON,
Transportation,535,CKAN,Theme,Transportation,TRAN,
Local Authority,519,CKAN,Theme,,REGI,
Education and Training,505,CKAN,Theme,,EDUC,
Environment,490,DCAT,Theme,Environment,ENVI,
Economy,481,OpenDataSoft,Theme,Economy,ECON,
prospection,478,Geonetwork,Theme,Geoscientific Information,,
Energía,477,CKAN,Theme,,ENER,
geoscientificinformation,472,Geonetwork,Theme,Geoscientific Information,,
Biota,470,CKAN,Theme,Biota,ENVI,
Pemerintahan,469,CKAN,Theme,,GOVE,
"Agricoltura, pesca, silvicoltura e prodotti alimentari",467,CKAN,Theme,Farming,AGRI,
"Education, Formation, Recherche, Enseignement",462,OpenDataSoft,Theme,,EDUC,
Energia,453,CKAN,Theme,,ENER,
Transport,446,OpenDataSoft,Theme,Transportation,TRAN,
Space Science,442,DCAT,Theme,,TECH,
Property and Planning,438,CKAN,Theme,Planning / Cadastre,,
Economía y finanzas,437,CKAN,Theme,Economy,ECON,
Aqua,436,DCAT,Theme,"Inland Waters,Oceans",,
Dominican Republic,434,CKAN,Theme,,,Dominican Republic
Fiscal Openness,433,CKAN,Theme,Economy,"ECON,GOVE",
"Environnement, ressources naturelles et énergie",431,CKAN,Theme,Environment,ENVI,
Ethiopia,425,CKAN,Theme,,,Ethiopia
Territoire,423,OpenDataSoft,Theme,Planning / Cadastre,REGI,
"Spatial planning, Town planning, Buildings, Equipment, Housing",417,OpenDataSoft,Theme,,REGI,
Finance,417,OpenDataSoft,Theme,Economy,ECON,
Infrastructures,415,CKAN,Theme,,REGI,
Colombia,413,CKAN,Theme,,,Colombia
Territorio,410,DCAT,Theme,Planning / Cadastre,,
Administration et action publique,407,CKAN,Theme,,GOVE,
"Services, Social",402,OpenDataSoft,Theme,Society,SOCI,
Sociedad y bienestar,400,CKAN,Theme,Society,SOCI,
South Sudan,397,CKAN,Theme,,,South Sudan
Environnement et climat,395,CKAN,Theme,Environment,ENVI,
oceans,395,CKAN,Theme,Environment,ENVI,
engineeringGeology,395,Geonetwork,Theme,Geoscientific Information,,
Accounts Financial Monetary Affairs and Industry,393,CKAN,Theme,,ECON,
Oceans,393,Geonetwork,Theme,Oceans,ENVI,
Health,388,OpenDataSoft,Theme,Health,HEAL,
Uganda,387,CKAN,Theme,,,Uganda
Regioni e città,387,OpenDataSoft,Theme,,REGI,
Cultura,381,CKAN,Theme,,EDUC,
Health and Human Services,381,DCAT,Theme,Health,HEAL,
Ambiente,378,DCAT,Theme,Environment,ENVI,
Democratic Republic of the Congo,376,CKAN,Theme,,,Congo
Sudan,373,CKAN,Theme,,,Sudan
Somalia,372,CKAN,Theme,,,Somalia
"Economy, Business, SME, Economic development, Employment",370,OpenDataSoft,Theme,Economy,ECON,
Afghanistan,369,CKAN,Theme,,,Afganistan
Finance,369,DCAT,Theme,Economy,ECON,
Maps and geospatial,368,CKAN,Theme,Imagery / Base Maps / Earth Cover,,
Terra,358,DCAT,Theme,Planning / Cadastre,,
Administration,346,OpenDataSoft,Theme,,GOVE,
Gouvernement et finances,345,CKAN,Theme,Economy,"GOVE,ECON",
Environment,345,Geonetwork,Theme,Environment,ENVI,
International Trade ,336,CKAN,Theme,Economy,ECON,
Surveys,331,DCAT,Theme,Society,SOCI,
Mozambique,329,CKAN,Theme,,,Mozambique
Business,328,CKAN,Theme,Economy,ECON,
Transportation,326,OpenDataSoft,Theme,Transportation,TRAN,
Territory and environment,325,OpenDataSoft,Theme,Planning / Cadastre,"REGI,ENVI",
"Water, energy, resources, environment and science",323,CKAN,Theme,Environment,ENER,
Government and Taxes,321,DCAT,Theme,Economy,"GOVE,ECON",
City Administration,320,CKAN,Theme,,REGI,
Mobilité,318,OpenDataSoft,Theme,Transportation,TRAN,
Mali,312,CKAN,Theme,,,Mali
Governo e settore pubblico,312,OpenDataSoft,Theme,,GOVE,
Chad,311,CKAN,Theme,,,Chad
Déplacements - transports,311,OpenDataSoft,Theme,Transportation,TRAN,
Cameroon,310,CKAN,Theme,,,Cameroon
Social Justice,310,CKAN,Theme,,JUST,
Bangladesh,310,CKAN,Theme,,,Bangladesh
Syrian Arab Republic,309,CKAN,Theme,,,Syria
Philippines,307,CKAN,Theme,,,Philippines
Demografía,306,CKAN,Theme,Society,SOCI,
Niger,303,CKAN,Theme,,,Niger
Population and Housing,300,CKAN,Theme,Society,SOCI,
mineralResources,297,Geonetwork,Theme,Geoscientific Information,,
Social Services,296,DCAT,Theme,Society,SOCI,
Energy,296,OpenDataSoft,Theme,,ENER,
Nepal,295,CKAN,Theme,,,Nepal
Mobilità e trasporti,295,DCAT,Theme,Transportation,TRAN,
"Culture, Patrimoine",295,OpenDataSoft,Theme,,EDUC,
Ordenamiento Territorial,293,CKAN,Theme,Planning / Cadastre,,
Internationale Themen,288,CKAN,Theme,,INTR,
Agriculture and Allied Activities ,288,CKAN,Theme,Farming,AGRI,
Government & Finance,282,DCAT,Theme,Economy,"GOVE,ECON",
Governance,280,CKAN,Theme,,GOVE,
City & Governance,280,OpenDataSoft,Theme,,REGI,
Trasporti,277,OpenDataSoft,Theme,Transportation,TRAN,
Ghana,276,CKAN,Theme,,,Ghana
Indonesia,276,CKAN,Theme,,,Indonesia
Mobility and Transport,276,OpenDataSoft,Theme,Transportation,TRAN,
Malawi,272,CKAN,Theme,,,Malawi
Energy and Environment,272,DCAT,Theme,Environment,"ENER,ENVI",
Biota,269,Geonetwork,Theme,Biota,ENVI,
Senegal,268,CKAN,Theme,,,Senegal
ClimatologyMeteorologyAtmosphere,266,Geonetwork,Theme,Climatology / Meteorology / Atmosphere,ENVI,
Soc.Demográfico,264,CKAN,Theme,Society,SOCI,
Economic Sector,263,CKAN,Theme,Economy,ECON,
Economia,263,CKAN,Theme,Economy,ECON,
Instrumentos e Projetos Territoriais,261,Geonetwork,Theme,Planning / Cadastre,,
Transparencia,260,CKAN,Theme,,GOVE,
Science and research,260,CKAN,Theme,,TECH,
Tanzania,258,CKAN,Theme,,,Tanzania
"Aménagement du territoire, Urbanisme, Bâtiments, Equipements, Logement",255,OpenDataSoft,Theme,Planning / Cadastre,,
Civic Infrastructure,254,CKAN,Theme,,REGI,
Vie culturelle,254,OpenDataSoft,Theme,,EDUC,
Central African Republic,253,CKAN,Theme,,,Central African Republic
BUDGET DE L'ETAT,250,OpenDataSoft,Theme,Economy,"ECON,GOVE",
"Syria, Conflict, 2013-2015",243,CKAN,Theme,,,Syria
Culture,242,OpenDataSoft,Theme,,EDUC,Culture
Burundi,241,CKAN,Theme,,,Burundi
France,240,CKAN,Theme,,,France
Zambia,239,CKAN,Theme,,,Zambia
Vehicle Speed,238,DCAT,Theme,Transportation,TRAN,
"Sport, Loisirs",236,OpenDataSoft,Theme,,EDUC,
Madagascar,235,CKAN,Theme,,,Madagascar
Mauritania,235,CKAN,Theme,,,Mauritania
GeoscientificInformation,235,Geonetwork,Theme,Geoscientific Information,,
Aménagement du territoire,234,OpenDataSoft,Theme,Planning / Cadastre,,
Labor Market,232,CKAN,Theme,Economy,ECON,
Census,232,DCAT,Theme,Society,SOCI,
Myanmar,229,CKAN,Theme,,,Myanmar
Zimbabwe,229,CKAN,Theme,,,Zimbabwe
economia,228,CKAN,Theme,Economy,ECON,
Demographics,228,DCAT,Theme,Society,SOCI,
Pakistan,227,CKAN,Theme,,,Pakistan
Territoires,227,OpenDataSoft,Theme,Planning / Cadastre,,
Economie,227,OpenDataSoft,Theme,Economy,ECON,
land use and development,225,CKAN,Theme,Planning / Cadastre,,
Medio Ambiente,223,CKAN,Theme,Environment,ENVI,
geophysics,222,Geonetwork,Theme,Geoscientific Information,,
Ecuador,220,CKAN,Theme,,,Ecuador
Planning & Development,219,CKAN,Theme,Planning / Cadastre,,
Iraq,217,CKAN,Theme,,,Iraq
Energy,216,CKAN,Theme,,ENER,
Guatemala,215,CKAN,Theme,,,Guatemala
Meteo,214,CKAN,Theme,Environment,ENVI,
Radiation,213,CKAN,Theme,Environment,ENVI,
Population,213,OpenDataSoft,Theme,Society,SOCI,
Agriculture,213,OpenDataSoft,Theme,Farming,AGRI,
Rwanda,211,CKAN,Theme,,,Rwanda
"Transports, Déplacements, Mobilité",210,OpenDataSoft,Theme,Transportation,TRAN,
"Éducation, Formation, Recherche, Enseignement",209,OpenDataSoft,Theme,,EDUC,
Transparency,208,CKAN,Theme,,GOVE,
Education Outcome,208,CKAN,Theme,,EDUC,
"Économie, Business, PME, Développement économique, Emploi",208,OpenDataSoft,Theme,Economy,ECON,
Housing,207,CKAN,Theme,"Structure,Planning / Cadastre",,
Communications,205,CKAN,Theme,Utilities / Communication,,
GIS/Maps,205,DCAT,Theme,Imagery / Base Maps / Earth Cover,,
Housing & Development,205,DCAT,Theme,Structure,,
Energi,204,OpenDataSoft,Theme,,ENER,
Crude Oil & Refined Products,204,OpenDataSoft,Theme,,ECON,
交通,203,CKAN,Theme,Transportation,TRAN,
Mobility,202,CKAN,Theme,Transportation,TRAN,
Liberia,199,CKAN,Theme,,,Liberia
人口減少・少子高齢化,199,CKAN,Theme,Society,SOCI,
Yemen,198,CKAN,Theme,,,Yemen
"Honduras and regional: Hurricane Eta and Iota, November 2020",196,CKAN,Theme,,,Honduras
Honduras,196,CKAN,Theme,,,Honduras
ทรัพยากรธรรมชาติและสิ่งแวดล้อม,196,CKAN,Theme,Environment,ENVI,
Territoires et régions,195,OpenDataSoft,Theme,Planning / Cadastre,REGI,
Sierra Leone,194,CKAN,Theme,,,Sierra Leone
United Republic of Tanzania,194,CKAN,Theme,,,Tanzania
Benin,193,CKAN,Theme,,,Benin
Administration & Finance,190,DCAT,Theme,Economy,"GOVE,ECON",
Weather Conditions,188,CKAN,Theme,Environment,ENVI,
Finanzas,187,CKAN,Theme,Economy,ECON,
"The Bahamas: Hurricane Dorian, September 2019",186,CKAN,Theme,,,Bahamas
Freedom of Information,186,CKAN,Theme,,GOVE,
Business and Economy,186,CKAN,Theme,Economy,ECON,
Canada,184,CKAN,Theme,,,Canada
Urbanisme et Logements,184,OpenDataSoft,Theme,,REGI,
Cadre de vie - environnement,183,OpenDataSoft,Theme,Environment,ENVI,
"Territoires, Agriculture et Innovations",181,OpenDataSoft,Theme,Farming,AGRI,
"Food, Civil Supplies and Co-operation",180,CKAN,Theme,Farming,AGRI,
Business,179,DCAT,Theme,Economy,ECON,
Economic Development,178,DCAT,Theme,Economy,ECON,
Mobilité et transports,177,CKAN,Theme,Transportation,TRAN,
Crime and Community Safety,177,CKAN,Theme,,JUST,
Finance & Administration,177,DCAT,Theme,,"ECON,GOVE",
Angola,176,CKAN,Theme,,,Angola
Governo e Finanças Públicas,176,CKAN,Theme,Economy,"ECON,GOVE",
Natural Resources & Environment,176,DCAT,Theme,Environment,ENVI,
Electricity,176,OpenDataSoft,Theme,,ENER,
Djibouti,175,CKAN,Theme,,,Djibouti
"Uddannelse, kultur og sport",174,CKAN,Theme,,EDUC,
Sport,174,OpenDataSoft,Theme,,EDUC,
Economía y Finanzas,173,CKAN,Theme,Economy,ECON,
"Housing, land, planning and infrastructure",173,CKAN,Theme,Planning / Cadastre,,
"Environnement, Cadre de vie",172,OpenDataSoft,Theme,Environment,ENVI,
Política,171,CKAN,Theme,,GOVE,
Brazil,170,CKAN,Theme,,,Brazil
Gobierno y sector público,170,CKAN,Theme,,GOVE,
Educação,169,CKAN,Theme,,EDUC,
Sciences,168,CKAN,Theme,,TECH,
"Culture, Heritage",168,OpenDataSoft,Theme,,EDUC,
Sociedad,166,CKAN,Theme,Society,SOCI,
Botswana,164,CKAN,Theme,,,Botswana
Infrastrutture e trasporti,164,CKAN,Theme,Transportation,TRAN,
Council and democracy,163,CKAN,Theme,,GOVE,
Health & Human Services,162,DCAT,Theme,Health,HEAL,
Recreation,160,CKAN,Theme,Health,HEAL,
Hallinto ja julkinen sektori,160,CKAN,Theme,,GOVE,
Public service,160,CKAN,Theme,,GOVE,
Health & Public Safety,159,CKAN,Theme,Health,"JUST,HEAL",
Limites administratives et référentiels,159,CKAN,Theme,Boundaries,,
Family & Health,159,DCAT,Theme,Health,HEAL,
Sport - tourisme - loisirs,159,OpenDataSoft,Theme,,EDUC,
Ukraine,158,CKAN,Theme,,,Ukraine
State of Palestine,158,CKAN,Theme,,,Palestine
Lesotho,156,CKAN,Theme,,,Lesotho
"Agroganadería, pesca y forestación",156,CKAN,Theme,Farming,AGRI,
Viet Nam,155,CKAN,Theme,,,Vietnam
Health Sciences,154,CKAN,Theme,Health,HEAL,
健康/照護/社福,154,CKAN,Theme,Health,HEAL,
"The Philippines: Typhoon Haiyan (Yolanda), November 2013",154,CKAN,Theme,,,Philippines
Côte d'Ivoire,154,CKAN,Theme,,,Côte d'Ivoire
Demography,154,OpenDataSoft,Theme,Society,SOCI,
"Economie, Business, PME, Développement économique, Emploi",154,OpenDataSoft,Theme,Economy,ECON,
Données territoriales,152,OpenDataSoft,Theme,Planning / Cadastre,REGI,
nonMetallicMinerals,152,Geonetwork,Theme,Geoscientific Information,,
gold,152,Geonetwork,Theme,Geoscientific Information,,
Economy and Planning,151,CKAN,Theme,Economy,ECON,
Administrative,150,DCAT,Theme,,GOVE,
Urban Development and Housing ,149,CKAN,Theme,,REGI,
Gambia,149,CKAN,Theme,,,Gambia
Community & Economic Development,149,DCAT,Theme,Economy,ECON,
Culture / Tourisme,149,OpenDataSoft,Theme,,EDUC,
Lebanon,148,CKAN,Theme,,,Lebanon
BMA City Data ,148,CKAN,Theme,,REGI,
Land Cover,147,CKAN,Theme,Planning / Cadastre,,
State sector performance,147,CKAN,Theme,,GOVE,
Imagerie et occupation du sol,147,CKAN,Theme,Imagery / Base Maps / Earth Cover,,
Urban Planning,147,OpenDataSoft,Theme,,REGI,
Tourisme,147,OpenDataSoft,Theme,,EDUC,
Peru,146,CKAN,Theme,,,Peru
Société et culture,145,CKAN,Theme,Society,"SOCI,EDUC",
Genetic Improvement and Biotechnology,144,CKAN,Theme,,TECH,
Social,144,CKAN,Theme,Society,SOCI,
Türkiye,144,CKAN,Theme,,,Turkey
Transport,143,DCAT,Theme,Transportation,TRAN,
Urbanisme,143,OpenDataSoft,Theme,,REGI,
City Services,142,OpenDataSoft,Theme,,REGI,
China,141,CKAN,Theme,,,China
Citoyenneté/Institution,140,OpenDataSoft,Theme,,GOVE,
Rural Development and Panchayati Raj Institutions,139,CKAN,Theme,,REGI,
Economia e finanza,139,CKAN,Theme,Economy,ECON,
Azerbaijan,139,CKAN,Theme,,,Azerbaijan
Mexico,139,CKAN,Theme,,,Mexico
Society,139,DCAT,Theme,Society,SOCI,
Education,139,OpenDataSoft,Theme,,EDUC,
Japan,138,CKAN,Theme,,,Japan
Energies et réseaux,138,CKAN,Theme,,ENER,
Community,138,DCAT,Theme,Society,SOCI,
Ciencia y tecnología,137,CKAN,Theme,,TECH,
India,136,CKAN,Theme,,,India
Gobiernos Locales,136,CKAN,Theme,,REGI,
Meio Ambiente,136,CKAN,Theme,Environment,ENVI,
Local Government,136,DCAT,Theme,,"GOVE,REGI",
Libya,135,CKAN,Theme,,,Libya
Tourism,135,CKAN,Theme,,EDUC,
Finances,135,CKAN,Theme,Economy,ECON,
Algeria,135,CKAN,Theme,,,Algeria
Climate,135,OpenDataSoft,Theme,Environment,ENVI,
Chile,134,CKAN,Theme,,,Chile
Trade,134,CKAN,Theme,Economy,ECON,
Irrigation and Water Resources,134,CKAN,Theme,Farming,AGRI,
"Fiji: Cyclone Winston, February 2016",134,CKAN,Theme,,,Fiji
Togo,132,CKAN,Theme,,,Togo
Namibia,132,CKAN,Theme,,,Namibia
Venezuela (Bolivarian Republic of),131,CKAN,Theme,,,Venezuela
"Segurança, Crime, Violência, e Conflito",131,CKAN,Theme,,JUST,
Inland Waters,131,CKAN,Theme,Environment,ENVI,
State,131,DCAT,Theme,,GOVE,
Finances,131,OpenDataSoft,Theme,Economy,ECON,
Prices and Indices,130,CKAN,Theme,Economy,ECON,
Eritrea,130,CKAN,Theme,,,Eritrea
Economy,130,DCAT,Theme,Economy,ECON,
Cambodia,129,CKAN,Theme,,,Cambodia
Water,128,CKAN,Theme,Environment,ENVI,
Demographics,128,CKAN,Theme,Society,SOCI,
Egypt,128,CKAN,Theme,,,Egypt
Hydrology,127,CKAN,Theme,"Inland Waters,Oceans",ENVI,
Italy,127,CKAN,Theme,,,Italy
Imagery,127,DCAT,Theme,Imagery / Base Maps / Earth Cover,,
"Formation, éducation et emploi",126,CKAN,Theme,,EDUC,
El Salvador,126,CKAN,Theme,,,El Salvador
"Loi, justice et sécurité publique",126,CKAN,Theme,,JUST,
"Vanuatu: Cyclone Pam, March 2015",126,CKAN,Theme,,,Vanuatu
Administration et Finances Publiques,126,OpenDataSoft,Theme,,GOVE,
Congo,125,CKAN,Theme,,,Congo
Voting & Elections,125,DCAT,Theme,,GOVE,
"Education, Training, Research, Teaching",125,OpenDataSoft,Theme,,EDUC,
"Equipements, Services, Social",125,OpenDataSoft,Theme,Society,SOCI,
Guinea-Bissau,124,CKAN,Theme,,,Guinea-Bissau
Economie et entreprises,123,CKAN,Theme,Economy,ECON,
Ekonomika un uzņēmējdarbība,123,CKAN,Theme,Economy,ECON,
Popolazione e società,123,OpenDataSoft,Theme,Society,SOCI,
Life Sciences,122,CKAN,Theme,Health,HEAL,
Industry,122,OpenDataSoft,Theme,Economy,ECON,
"Citoyenneté , Démocratie",122,OpenDataSoft,Theme,Society,SOCI,
Humidity,121,CKAN,Theme,Climatology / Meteorology / Atmosphere,ENVI,
Imagery + Basemaps,121,CKAN,Theme,Imagery / Base Maps / Earth Cover,,
Poland,121,CKAN,Theme,,,Poland
Morocco,121,CKAN,Theme,,,Morocco
Medicare,121,DCAT,Theme,Health,HEAL,
Органы прокуратуры,120,CKAN,Theme,,GOVE,
Kyrgyzstan,120,CKAN,Theme,,,Kyrgyzstan
Business & Economics,120,OpenDataSoft,Theme,Economy,ECON,
"Sports, Leisure",120,OpenDataSoft,Theme,,EDUC,
Politik,120,OpenDataSoft,Theme,,GOVE,
Attractivité et innovation,120,OpenDataSoft,Theme,,TECH,
Environment and Forests,119,CKAN,Theme,"Environment,Farming","AGRI,ENVI",
United Kingdom,118,CKAN,Theme,,,United Kingdom
Climate Change Adaptation,118,CKAN,Theme,Environment,ENVI,
Sector Público,117,CKAN,Theme,,GOVE,
Gabon,117,CKAN,Theme,,,Gabon
"Transport, Movements",117,OpenDataSoft,Theme,Transportation,TRAN,
Health Facilities,116,CKAN,Theme,Health,HEAL,
National Accounts ,116,CKAN,Theme,Economy,ECON,
Tunisia,115,CKAN,Theme,,,Tunis
Demographie,115,CKAN,Theme,Society,SOCI,
Public sector,115,OpenDataSoft,Theme,,GOVE,
Societate,114,CKAN,Theme,Society,SOCI,
Eswatini,114,CKAN,Theme,,,Eswatini
Education & Technical Development ,114,CKAN,Theme,,EDUC,
Jamaica,113,CKAN,Theme,,,Jamaica
Landscape Dynamics,113,CKAN,Theme,Planning / Cadastre,,
Comoros,113,CKAN,Theme,,,Comoros
Land Use & Development,112,CKAN,Theme,Planning / Cadastre,,
Energy and Water,112,CKAN,Theme,,ENER,
Jordan,112,CKAN,Theme,,,Jordan
Vegetation,112,DCAT,Theme,Farming,AGRI,
Transporte,112,OpenDataSoft,Theme,Transportation,TRAN,
"Nepal: Earthquake, April 2015",111,CKAN,Theme,,,Nepal
Industria,111,CKAN,Theme,Economy,ECON,
Lao People's Democratic Republic,110,CKAN,Theme,,,Laos
"Tourisme, sports et loisirs",109,CKAN,Theme,,EDUC,
Trade,109,OpenDataSoft,Theme,Economy,ECON,
Agropecuario y Pesca,108,CKAN,Theme,Farming,AGRI,
Nicaragua,108,CKAN,Theme,,,Nicaragua
Geographic Locations and Boundaries,108,DCAT,Theme,Boundaries,,
Réseau électrique,108,OpenDataSoft,Theme,,ENER,
"Kulttuuri, taide ja vapaa-aika",107,CKAN,Theme,,EDUC,
Bolivia (Plurinational State of),107,CKAN,Theme,,,Bolivia
infrastructure,107,CKAN,Theme,,REGI,
Business and Economy,107,DCAT,Theme,Economy,ECON,
"Arts, culture & history",106,CKAN,Theme,,EDUC,
Fiji,106,CKAN,Theme,,,Fiji
Netherlands,106,CKAN,Theme,,,Netherlands
Politics,106,OpenDataSoft,Theme,,GOVE,
Reģioni un pašvaldības,105,CKAN,Theme,,REGI,
Equatorial Guinea,105,CKAN,Theme,,,Equatorial Guinea
Papua New Guinea,105,CKAN,Theme,,,Papua New Guinea
Mauritius,105,CKAN,Theme,,,Mauritius
Thailand,105,CKAN,Theme,,,Thailand
Cabo Verde,105,CKAN,Theme,,,Cabo Verde
Klimatologi,105,DCAT,Theme,Climatology / Meteorology / Atmosphere,ENVI,
Educaţie,104,CKAN,Theme,,EDUC,
"Sciences, recherche et innovation",103,CKAN,Theme,,TECH,
Health and wellbeing,103,CKAN,Theme,Health,HEAL,
Land Monitor,103,CKAN,Theme,Planning / Cadastre,,
Power and Energy,103,CKAN,Theme,,ENER,
Health outcome,102,CKAN,Theme,Health,HEAL,
Education Facilities,102,CKAN,Theme,,EDUC,
Tajikistan,102,CKAN,Theme,,,Tajikistan
Cultura e Arte,102,CKAN,Theme,,EDUC,
Vanuatu,101,CKAN,Theme,,,Vanuatu
education,101,DCAT,Theme,,EDUC,
Développement économique,101,OpenDataSoft,Theme,Economy,ECON,
vegetation/ecology,100,CKAN,Theme,Environment,ENVI,
"Pakistan: Floods, August 2010",100,CKAN,Theme,,,Pakistan
"Sri Lanka: Tsunami, December 2004",100,CKAN,Theme,,,Sri Lanka